latitude	longitude	zipcode	category
P	43.102173	-75.231189
X	43.099167	-75.221544
ST	43.114225	-75.20857
CC	43.079961	-75.275181
SR	43.10233	-75.223225
SR	43.095711	-75.210896
V	43.116679	-75.209117
SR	43.115503	-75.15692
V	43.08871	-75.248888
SR	43.102216	-75.222728
K	43.10206	-75.245323
K	43.102872	-75.243508
SR	43.094186	-75.205057
ST	43.117975	-75.209703
ST	43.101822	-75.229995
CC	43.086225	-75.251037
K	43.082541	-75.204619
ST	43.094109	-75.228006
CC	43.090455	-75.282737
F	43.08229	-75.268012
K	43.093335	-75.248672
K	43.086545	-75.259858
K	43.100407	-75.233662
V	43.138386	-75.194831
M	43.103488	-75.247257
K	43.086372	-75.261328
ST	43.126098	-75.224338
MF	43.104526	-75.245806
SR	43.102294	-75.239282
ST	43.088	-75.260484
SR	43.098838	-75.224804
CC	43.096875	-75.276615
M	43.091999	-75.222267
K	43.094052	-75.203118
CC	43.113913	-75.207221
U	43.093074	-75.247703
CC	43.085006	-75.26539
CC	43.092108	-75.284613
ER	43.101555	-75.230074
SR	43.084212	-75.203231
M	43.104588	-75.236159
K	43.109115	-75.251014
K	43.10203	-75.230732
ER	43.086565	-75.262136
U	43.088458	-75.223123
CC	43.074734	-75.284129
SR	43.097111	-75.238804
ST	43.125236	-75.225889
V	43.098125	-75.238672
M	43.104131	-75.223198
CC	43.10833	-75.267896
R	43.116087	-75.209317
K	43.080907	-75.20672
CC	43.081303	-75.272552
MF	43.103313	-75.223324
ST	43.089567	-75.222004
ST	43.097979	-75.216146
M	43.091926	-75.281282
V	43.100369	-75.22788
ER	43.126422	-75.236597
SR	43.088902	-75.222107
V	43.091457	-75.212223
ST	43.089553	-75.225735
M	43.104129	-75.223237
ST	43.104566	-75.241929
ST	43.077571	-75.281103
CC	43.126244	-75.235869
SR	43.092269	-75.196703
V	43.096684	-75.242421
ST	43.137857	-75.216748
M	43.112414	-75.267953
ER	43.076	-75.210263
ST	43.126611	-75.22254
ER	43.103099	-75.241471
K	43.091211	-75.222768
V	43.088991	-75.252283
CC	43.093805	-75.286005
ST	43.097819	-75.249275
SR	43.120515	-75.206841
K	43.099947	-75.23063
SR	43.090996	-75.205377
ST	43.12701	-75.223765
SR	43.111932	-75.267605
K	43.100169	-75.234399
K	43.087408	-75.258617
R	43.08757	-75.259721
K	43.107043	-75.222837
M	43.106561	-75.246849
CC	43.098401	-75.237932
U	43.108879	-75.219068
G	43.100376	-75.21411
ST	43.091348	-75.222693
K	43.083365	-75.277484
CC	43.085565	-75.264053
CC	43.126988	-75.193085
M	43.091417	-75.223706
R	43.093151	-75.247703
ST	43.099246	-75.247192
ST	43.087478	-75.257714
R	43.099667	-75.235292
CC	43.093302	-75.241227
M	43.101661	-75.239661
ST	43.087517	-75.26079
SR	43.074709	-75.265522
CC	43.101016	-75.232501
V	43.092421	-75.228197
K	43.096252	-75.241378
M	43.10016	-75.260036
SR	43.109351	-75.261462
V	43.101025	-75.227423
SR	43.093634	-75.259193
CC	43.087026	-75.223971
CC	43.08437	-75.2673
X	43.084232	-75.225257
SR	43.093625	-75.259192
U	43.077102	-75.279825
ST	43.108972	-75.248729
U	43.096828	-75.249096
CC	43.094571	-75.244398
K	43.098886	-75.253476
CC	43.094431	-75.286639
M	43.082542	-75.268703
SR	43.099427	-75.232824
K	43.099168	-75.235106
WT	43.089608	-75.221183
M	43.078069	-75.277138
CC	43.105377	-75.265212
ST	43.090311	-75.224639
M	43.096521	-75.21289
ST	43.081236	-75.205712
ER	43.104185	-75.223212
CC	43.086533	-75.278117
CC	43.118482	-75.210984
ST	43.113696	-75.242804
V	43.103348	-75.23675
M	43.073364	-75.222444
ST	43.107716	-75.244277
SR	43.145725	-75.108842
K	43.102621	-75.230744
ST	43.126089	-75.236002
K	43.098859	-75.21898
R	43.09616	-75.241459
ST	43.112034	-75.259975
SR	43.139253	-75.214819
AS	43.108878	-75.216594
ST	43.095923	-75.253166
M	43.104318	-75.236578
K	43.100738	-75.22508
K	43.104281	-75.242128
K	43.089083	-75.204602
M	43.1131	-75.266013
R	43.089608	-75.221991
G	43.106493	-75.216459
CC	43.114424	-75.209575
K	43.093007	-75.224192
K	43.098783	-75.220392
K	43.098667	-75.21826
ST	43.100746	-75.155433
K	43.099779	-75.233179
SR	43.162412	-75.210868
K	43.085106	-75.286837
M	43.099289	-75.247227
ST	43.128133	-75.222992
K	43.089873	-75.257936
M	43.107212	-75.220658
ST	43.096149	-75.241485
K	43.104013	-75.242766
V	43.104363	-75.243617
CC	43.098546	-75.237638
K	43.099718	-75.227167
V	43.091452	-75.217644
K	43.095367	-75.215544
ER	43.10183	-75.26358
K	43.115713	-75.209808
CC	43.083942	-75.268132
K	43.10315	-75.222524
K	43.099304	-75.236196
SR	43.126311	-75.23661
K	43.085787	-75.26049
G	43.113958	-75.207812
M	43.091581	-75.280149
ST	43.08777	-75.259876
CC	43.106031	-75.254894
V	43.095798	-75.238041
ER	43.088761	-75.257826
CC	43.09108	-75.258069
SR	43.09247	-75.183497
K	43.100105	-75.242145
CC	43.092979	-75.249015
ST	43.097588	-75.240202
ST	43.128538	-75.227302
ST	43.097032	-75.246719
ST	43.104114	-75.24145
CC	43.092072	-75.284621
K	43.092155	-75.196847
SR	43.112345	-75.214751
K	43.089089	-75.223295
G	43.098606	-75.227762
SR	43.136912	-75.217606
CC	43.083962	-75.268141
CC	43.092516	-75.207896
SR	43.113931	-75.207125
R	43.094146	-75.228154
U	43.116307	-75.211522
ST	43.099778	-75.152411
K	43.096843	-75.216389
K	43.10141	-75.227447
K	43.101361	-75.228397
MF	43.097578	-75.214903
R	43.114081	-75.208366
K	43.10841	-75.21943
MF	43.080467	-75.207113
ST	43.108673	-75.249337
ER	43.088989	-75.20764
K	43.095439	-75.222754
K	43.095332	-75.215471
V	43.089295	-75.248459
ST	43.08602	-75.279684
V	43.097797	-75.228352
SR	43.107567	-75.24376
G	43.099612	-75.220525
V	43.101602	-75.245305
SR	43.103171	-75.246493
SR	43.117644	-75.210085
CC	43.099629	-75.238114
G	43.097234	-75.215079
K	43.100414	-75.233668
ST	43.114241	-75.208946
CC	43.098348	-75.238147
SR	43.110036	-75.217677
K	43.100765	-75.233165
SR	43.095074	-75.242473
CC	43.083125	-75.267804
R	43.091423	-75.222867
ST	43.092318	-75.182335
V	43.099839	-75.218031
V	43.078843	-75.278252
SR	43.087216	-75.254719
K	43.1026	-75.230708
ST	43.105572	-75.241062
V	43.09642	-75.22085
ST	43.115774	-75.208521
K	43.100096	-75.233395
ST	43.13508	-75.218923
SR	43.109341	-75.261443
SR	43.104954	-75.237735
K	43.102332	-75.242032
U	43.08823	-75.259405
K	43.095182	-75.242484
SR	43.099041	-75.210754
CC	43.080859	-75.288953
CC	43.093744	-75.246246
M	43.089543	-75.222216
ER	43.082736	-75.250638
ST	43.106791	-75.215513
SR	43.18189	-75.183493
SR	43.137838	-75.216058
WT	43.096819	-75.217415
ER	43.084881	-75.245922
V	43.096657	-75.210636
V	43.109123	-75.261636
SR	43.093814	-75.225485
G	43.088968	-75.234845
K	43.103445	-75.227632
V	43.110419	-75.184327
SR	43.096768	-75.221924
V	43.104994	-75.241587
CC	43.093594	-75.286034
X	43.089221	-75.260202
CC	43.098322	-75.238146
V	43.091377	-75.250231
CC	43.091269	-75.258294
ST	43.098753	-75.208675
R	43.113074	-75.205825
K	43.080415	-75.207279
K	43.092047	-75.222262
MF	43.088605	-75.228343
V	43.093756	-75.230121
SR	43.099694	-75.235295
K	43.128523	-75.224614
CC	43.106365	-75.270475
K	43.096983	-75.216914
X	43.108144	-75.255672
K	43.084832	-75.235915
ST	43.086518	-75.218705
SR	43.089345	-75.214576
SR	43.091313	-75.225603
K	43.102374	-75.233794
K	43.104316	-75.241954
K	43.107208	-75.220559
SR	43.101772	-75.229559
R	43.101772	-75.229797
R	43.100569	-75.237726
V	43.114248	-75.20188
K	43.093028	-75.199936
V	43.078209	-75.273436
K	43.095519	-75.242809
CC	43.081029	-75.205952
CC	43.105081	-75.271826
SR	43.108396	-75.136178
ST	43.10726	-75.270151
R	43.103519	-75.16282
CC	43.117154	-75.213326
V	43.09846	-75.234692
ST	43.128538	-75.224555
V	43.114239	-75.201895
SR	43.101172	-75.232523
CC	43.076077	-75.281277
SR	43.111126	-75.256075
CC	43.081344	-75.270862
CC	43.091094	-75.258081
ST	43.10257	-75.22979
MF	43.126183	-75.235942
K	43.095285	-75.243158
G	43.099236	-75.216096
SR	43.108802	-75.268484
AS	43.10959	-75.221463
CC	43.096887	-75.276637
ST	43.097137	-75.241027
U	43.094303	-75.219707
V	43.108824	-75.25738
CC	43.081024	-75.205991
CC	43.090618	-75.281216
R	43.114011	-75.208037
K	43.107842	-75.219935
V	43.099453	-75.244915
SR	43.109009	-75.10086
K	43.094171	-75.214662
M	43.114017	-75.20704
SR	43.109089	-75.248928
WT	43.105674	-75.271131
M	43.091011	-75.27895
ST	43.089527	-75.210899
ER	43.104591	-75.269576
K	43.103448	-75.227648
ST	43.093497	-75.214305
ST	43.086639	-75.261854
ST	43.112937	-75.26601
SR	43.113871	-75.204004
K	43.103837	-75.243245
K	43.096161	-75.24285
SR	43.086437	-75.262566
ST	43.092609	-75.21565
K	43.104299	-75.27011
CC	43.082348	-75.267332
ER	43.098224	-75.231843
M	43.102997	-75.238951
V	43.081494	-75.222577
SR	43.110244	-75.259349
SR	43.07895	-75.255752
K	43.091504	-75.259515
K	43.086101	-75.261734
U	43.092157	-75.196873
K	43.097104	-75.241004
V	43.091084	-75.234056
K	43.099396	-75.232777
MF	43.097994	-75.218235
K	43.094315	-75.228696
ST	43.106247	-75.247517
K	43.12462	-75.227408
M	43.111325	-75.262177
K	43.089191	-75.257147
K	43.104075	-75.223132
K	43.103319	-75.244673
ER	43.127545	-75.223596
R	43.110258	-75.255684
ST	43.109111	-75.25483
CC	43.091728	-75.288318
CC	43.083935	-75.26814
R	43.136875	-75.217637
SR	43.086375	-75.259834
ST	43.104262	-75.239773
SR	43.160834	-75.213538
K	43.101576	-75.230054
SR	43.09872	-75.224439
AS	43.102515	-75.23084
K	43.081124	-75.21734
G	43.08057	-75.206385
R	43.092825	-75.284635
M	43.091547	-75.191087
V	43.086982	-75.247155
P	43.088024	-75.256837
K	43.103773	-75.24243
CC	43.084092	-75.267768
MF	43.09405	-75.203113
CC	43.117122	-75.213293
V	43.112433	-75.18702
V	43.08671	-75.212823
G	43.09599	-75.209526
AS	43.09787	-75.237686
ST	43.093523	-75.202725
M	43.112427	-75.214744
K	43.11392	-75.207018
K	43.099342	-75.232696
M	43.084178	-75.20323
R	43.101154	-75.226013
HH	43.104185	-75.223202
ST	43.097996	-75.21616
R	43.089754	-75.212576
M	43.108245	-75.234508
SR	43.110598	-75.253415
V	43.089958	-75.232095
R	43.086868	-75.264735
ER	43.085257	-75.228916
G	43.09111	-75.2062
ST	43.096925	-75.146027
K	43.099306	-75.236187
K	43.107171	-75.220577
K	43.076789	-75.280312
CC	43.09299	-75.249024
CC	43.0911	-75.258081
V	43.093829	-75.227676
CC	43.075471	-75.282874
ST	43.088873	-75.222127
MF	43.093911	-75.200067
G	43.088516	-75.247955
K	43.101156	-75.232512
ST	43.10105	-75.232546
CC	43.076121	-75.281269
SR	43.090289	-75.215922
K	43.083319	-75.231656
K	43.099411	-75.232734
ST	43.103522	-75.232052
V	43.100497	-75.235491
CC	43.117128	-75.213325
SR	43.092641	-75.136946
ST	43.094128	-75.228155
ST	43.094824	-75.203294
M	43.092379	-75.220588
SR	43.097789	-75.252647
ST	43.107735	-75.24428
K	43.110586	-75.218393
ST	43.088702	-75.186094
K	43.113548	-75.205202
SR	43.074836	-75.285465
ST	43.124585	-75.233612
SR	43.109373	-75.261458
SR	43.097695	-75.216854
MF	43.098718	-75.218582
ER	43.099619	-75.223946
K	43.099709	-75.152464
MF	43.09649	-75.252087
K	43.105095	-75.233529
K	43.09825	-75.15146
ER	43.074527	-75.240097
SR	43.108568	-75.24677
V	43.086612	-75.252299
M	43.104269	-75.270082
CC	43.116008	-75.208971
CC	43.101331	-75.230547
U	43.09918	-75.230206
SR	43.102562	-75.224223
ST	43.11224	-75.26178
U	43.109889	-75.251099
K	43.099541	-75.232975
K	43.098657	-75.218286
CC	43.081584	-75.270406
ST	43.11336	-75.205494
K	43.109155	-75.220199
SR	43.098383	-75.237933
SR	43.094899	-75.215702
V	43.0914	-75.250245
CC	43.086078	-75.265496
SR	43.11764	-75.210101
K	43.09517	-75.219823
K	43.10431	-75.242166
CC	43.081984	-75.266356
K	43.128549	-75.227321
R	43.086883	-75.264725
R	43.084142	-75.265494
SR	43.102154	-75.220108
K	43.111267	-75.214996
ST	43.126361	-75.236315
ST	43.083934	-75.269898
K	43.109335	-75.219693
ER	43.104221	-75.224109
CC	43.08088	-75.288959
SR	43.123446	-75.208466
ST	43.091833	-75.222367
SR	43.077108	-75.280798
CC	43.096732	-75.276128
G	43.100576	-75.233303
CC	43.117141	-75.213295
ST	43.098264	-75.208154
SR	43.091837	-75.195913
ST	43.092336	-75.214798
K	43.112851	-75.21553
SR	43.087075	-75.214927
CC	43.082283	-75.265667
WT	43.113929	-75.207305
ST	43.090886	-75.223831
G	43.086522	-75.259929
SR	43.09259	-75.215708
K	43.095822	-75.249767
V	43.117487	-75.209451
SR	43.098365	-75.228617
K	43.108135	-75.2197
CC	43.090519	-75.281343
V	43.076734	-75.282006
K	43.084207	-75.208514
V	43.0899	-75.25568
X	43.097435	-75.233642
CC	43.098405	-75.237932
SR	43.116912	-75.211493
R	43.104077	-75.227497
CC	43.0887	-75.262346
SR	43.099127	-75.130667
SR	43.09484	-75.256099
K	43.085742	-75.237954
R	43.097913	-75.237733
ST	43.100288	-75.251585
G	43.100565	-75.239189
K	43.101388	-75.227342
ST	43.088206	-75.257077
M	43.106142	-75.230477
SR	43.0872	-75.261434
R	43.074571	-75.284476
SR	43.092782	-75.210763
R	43.11445	-75.209761
ST	43.097905	-75.239271
K	43.081138	-75.206374
M	43.101856	-75.239523
SR	43.087465	-75.223049
MF	43.095521	-75.203745
ST	43.110247	-75.251924
V	43.096161	-75.248663
R	43.116937	-75.210007
ST	43.098904	-75.231511
SR	43.112994	-75.188868
K	43.081269	-75.205705
SR	43.110481	-75.260863
K	43.103376	-75.24686
R	43.090062	-75.213102
V	43.093794	-75.214994
CC	43.078849	-75.275932
ST	43.104119	-75.2384
SR	43.133913	-75.219637
K	43.106889	-75.220948
G	43.090936	-75.193887
ST	43.09353	-75.214265
K	43.099384	-75.232764
V	43.100791	-75.231169
SR	43.10755	-75.243778
K	43.074853	-75.285501
AS	43.108821	-75.220503
ST	43.175356	-75.202188
AS	43.11378	-75.216939
SR	43.091521	-75.222715
K	43.109374	-75.268032
SR	43.10226	-75.241465
CC	43.076871	-75.281295
ST	43.096439	-75.241798
CC	43.093647	-75.246086
K	43.098857	-75.218988
K	43.089023	-75.222661
R	43.099258	-75.234845
K	43.098687	-75.218266
M	43.088923	-75.238708
CC	43.081016	-75.27178
ST	43.092403	-75.220386
CC	43.102141	-75.2397
U	43.115634	-75.209329
SR	43.102091	-75.222804
K	43.104067	-75.240747
ST	43.09839	-75.218949
ST	43.084829	-75.280646
CC	43.090189	-75.253151
SR	43.093143	-75.229676
R	43.0908	-75.221435
R	43.11448	-75.206446
CC	43.096731	-75.276131
SR	43.10829	-75.248071
MF	43.099584	-75.233084
SR	43.088341	-75.234105
V	43.111052	-75.150453
SR	43.092182	-75.209886
G	43.092335	-75.230747
CC	43.091059	-75.258096
K	43.094345	-75.228714
CC	43.083946	-75.268163
SR	43.108588	-75.250378
V	43.104994	-75.241626
G	43.094101	-75.248593
CC	43.112891	-75.214103
CC	43.115603	-75.208832
R	43.088635	-75.258567
WT	43.102564	-75.161052
AS	43.101243	-75.232326
ST	43.098432	-75.223111
ST	43.086622	-75.260113
ST	43.107644	-75.231641
ER	43.101309	-75.245982
K	43.100491	-75.233526
CC	43.091082	-75.258084
CC	43.092965	-75.249001
K	43.09985	-75.233208
ST	43.115766	-75.209737
K	43.081987	-75.228926
CC	43.077972	-75.279251
SR	43.094555	-75.285995
X	43.115658	-75.204198
CC	43.080864	-75.288942
K	43.090265	-75.22185
SR	43.110205	-75.262786
M	43.110619	-75.164193
X	43.103144	-75.2261
G	43.0743	-75.267718
R	43.100833	-75.232955
MF	43.106598	-75.247098
R	43.085171	-75.2636
AS	43.093978	-75.245628
CC	43.086126	-75.262951
K	43.09672	-75.208919
AS	43.108982	-75.218336
K	43.096491	-75.212885
K	43.103659	-75.243741
V	43.105805	-75.264815
ST	43.087392	-75.202814
K	43.094393	-75.22029
K	43.093669	-75.23651
K	43.107084	-75.244384
CC	43.091104	-75.258075
WT	43.098435	-75.237964
V	43.088463	-75.240921
M	43.104284	-75.23977
R	43.10235	-75.233029
ST	43.080259	-75.273265
SR	43.096855	-75.251588
K	43.090254	-75.198745
SR	43.089656	-75.211788
R	43.07522	-75.284914
SR	43.100589	-75.228417
SR	43.109494	-75.250083
ST	43.104579	-75.229753
M	43.082422	-75.256194
U	43.109853	-75.250972
ST	43.102724	-75.24451
V	43.127008	-75.193046
V	43.092339	-75.234501
MF	43.151135	-75.212037
ST	43.088689	-75.211811
V	43.112429	-75.187036
K	43.101568	-75.230033
K	43.103224	-75.243848
G	43.074403	-75.267615
M	43.090083	-75.283604
ER	43.091722	-75.236732
K	43.091874	-75.222361
K	43.104349	-75.241851
K	43.109565	-75.212797
ST	43.082178	-75.228768
MF	43.09218	-75.196811
K	43.096851	-75.21638
K	43.104096	-75.241499
ST	43.104471	-75.240537
MF	43.10329	-75.223462
K	43.098882	-75.253384
V	43.094026	-75.23387
P	43.094642	-75.186083
ST	43.086228	-75.238284
G	43.096414	-75.2493
G	43.096159	-75.21005
SR	43.079455	-75.276124
CC	43.098783	-75.218822
SR	43.095429	-75.25511
G	43.090332	-75.224636
ER	43.099546	-75.237843
CC	43.093372	-75.270312
SR	43.097032	-75.219228
SR	43.093312	-75.202406
CC	43.09445	-75.286633
ST	43.095591	-75.24222
M	43.091352	-75.222735
ER	43.105141	-75.233183
ST	43.126073	-75.236032
CC	43.075555	-75.282528
M	43.114169	-75.208302
K	43.088105	-75.200146
K	43.105246	-75.234006
SR	43.110205	-75.252526
MF	43.098318	-75.217441
ST	43.096631	-75.219957
K	43.099041	-75.231404
CC	43.081723	-75.270235
M	43.091843	-75.222447
R	43.100057	-75.232963
K	43.090141	-75.213379
MF	43.086517	-75.261889
ST	43.098288	-75.217298
ST	43.106615	-75.247677
CC	43.084254	-75.265334
K	43.100584	-75.233417
ST	43.099286	-75.247113
SR	43.112531	-75.142975
R	43.094164	-75.214645
CC	43.102004	-75.239451
K	43.087711	-75.259578
U	43.110306	-75.180132
CC	43.091176	-75.287896
V	43.09434	-75.212498
K	43.101767	-75.231625
ST	43.117085	-75.211426
ST	43.114241	-75.208665
ST	43.109852	-75.254747
G	43.081741	-75.205262
R	43.081649	-75.272067
K	43.099535	-75.216785
R	43.099239	-75.236518
K	43.077617	-75.219451
NN	43.097169	-75.231223
SR	43.101852	-75.23158
SR	43.096172	-75.204791
R	43.107195	-75.220554
M	43.082505	-75.270202
SR	43.092637	-75.224439
K	43.098868	-75.235275
ST	43.103833	-75.228139
CC	43.078251	-75.279049
ST	43.10073	-75.229024
G	43.11635	-75.211545
K	43.089047	-75.222659
X	43.103964	-75.233453
K	43.110083	-75.217619
ST	43.12857	-75.224532
V	43.100773	-75.234078
ST	43.098001	-75.21615
V	43.100786	-75.234107
M	43.085119	-75.281791
K	43.102503	-75.229791
ST	43.100165	-75.156004
ER	43.094936	-75.261168
CC	43.086575	-75.262946
ST	43.080447	-75.207216
EE	43.105189	-75.233866
U	43.115915	-75.210361
SR	43.112413	-75.18335
CC	43.082525	-75.268683
K	43.10705	-75.222781
K	43.109852	-75.262044
ER	43.135523	-75.230096
K	43.098237	-75.235238
K	43.099922	-75.23481
K	43.089637	-75.198717
CC	43.091075	-75.258096
M	43.097179	-75.237088
CC	43.09316	-75.241357
ST	43.098622	-75.250396
CC	43.086664	-75.257225
SR	43.096854	-75.251563
ST	43.102661	-75.233629
SR	43.102351	-75.254201
CC	43.094452	-75.286619
SR	43.084972	-75.265433
CC	43.091068	-75.258076
ST	43.135529	-75.218615
CC	43.096764	-75.276144
SR	43.096042	-75.247383
ER	43.094112	-75.252984
K	43.115758	-75.21005
CC	43.096743	-75.276132
K	43.100037	-75.233263
ST	43.089186	-75.221034
K	43.092078	-75.221126
SR	43.089938	-75.265094
V	43.096689	-75.242396
M	43.08908	-75.223283
SR	43.093178	-75.260739
ER	43.115127	-75.170681
CC	43.096735	-75.276118
R	43.102255	-75.241454
R	43.075967	-75.281579
K	43.09574	-75.241848
ST	43.104186	-75.222516
V	43.097332	-75.215366
K	43.103228	-75.228665
ST	43.098024	-75.206859
SR	43.088469	-75.256861
M	43.084161	-75.265506
ER	43.098266	-75.20815
K	43.091022	-75.222295
ST	43.092565	-75.228721
AS	43.107491	-75.222421
CC	43.102539	-75.23907
CC	43.085934	-75.263355
G	43.100289	-75.214292
ST	43.103675	-75.162359
ST	43.091485	-75.22309
ST	43.087813	-75.257664
K	43.080489	-75.207149
M	43.101081	-75.232382
CC	43.117081	-75.210731
CC	43.091202	-75.187939
SR	43.109188	-75.260736
ER	43.096266	-75.14189
K	43.093688	-75.236489
K	43.089613	-75.222026
ST	43.085601	-75.279833
ST	43.112243	-75.261775
CC	43.092099	-75.284603
CC	43.082193	-75.267227
SR	43.099666	-75.247041
SR	43.077171	-75.280724
SR	43.101688	-75.220893
ST	43.105012	-75.215045
X	43.103151	-75.226127
CC	43.09377	-75.28098
G	43.106688	-75.215805
SR	43.132446	-75.221037
R	43.091476	-75.223083
ST	43.114286	-75.209198
CC	43.097803	-75.220782
ER	43.10218	-75.243285
G	43.084691	-75.282256
K	43.101476	-75.230601
ST	43.097617	-75.237929
K	43.099995	-75.240431
CC	43.093165	-75.241435
R	43.091047	-75.278951
CC	43.093684	-75.240954
SR	43.087123	-75.228973
CC	43.083728	-75.271064
K	43.077542	-75.280001
ST	43.081968	-75.271209
SR	43.093718	-75.193279
M	43.103184	-75.228266
ST	43.098602	-75.151171
SR	43.104353	-75.249171
K	43.096045	-75.21162
ST	43.086637	-75.257991
U	43.087165	-75.250342
ER	43.087836	-75.196258
M	43.112398	-75.214675
K	43.098192	-75.218114
U	43.101667	-75.229903
R	43.087734	-75.260021
K	43.109858	-75.217886
CC	43.081017	-75.205956
ST	43.108914	-75.250256
K	43.098302	-75.251464
ST	43.102983	-75.241616
WT	43.100488	-75.153632
U	43.077099	-75.279821
CC	43.105004	-75.271959
CC	43.081332	-75.270856
CC	43.116022	-75.208945
ST	43.126604	-75.2262
R	43.124838	-75.234274
MF	43.103833	-75.243245
K	43.08509	-75.28036
V	43.096535	-75.231135
ST	43.103492	-75.235627
CC	43.081555	-75.289524
SR	43.109032	-75.175993
K	43.098337	-75.233693
SR	43.112382	-75.26213
ST	43.08512	-75.28235
ER	43.08425	-75.265315
K	43.100357	-75.227936
SR	43.101217	-75.225292
ST	43.101778	-75.229563
G	43.108203	-75.217311
CC	43.077868	-75.276777
K	43.098485	-75.23774
K	43.089935	-75.258298
CC	43.083137	-75.267792
SR	43.092996	-75.246911
K	43.102545	-75.2215
CC	43.081734	-75.270195
ST	43.09763	-75.210367
HH	43.104213	-75.223548
SR	43.093191	-75.220394
K	43.117689	-75.210155
K	43.086477	-75.262258
CC	43.094479	-75.286621
ER	43.104577	-75.269551
K	43.107216	-75.220419
ST	43.101365	-75.228541
SR	43.089721	-75.20417
ST	43.108472	-75.251452
AS	43.114176	-75.213955
WT	43.105281	-75.220184
CC	43.100585	-75.240335
CC	43.097893	-75.239277
MF	43.098221	-75.21702
R	43.11796	-75.210063
ST	43.096466	-75.241818
CC	43.096726	-75.276126
SR	43.090271	-75.204322
K	43.103372	-75.227793
K	43.113626	-75.205111
K	43.100436	-75.233595
CC	43.082117	-75.26652
CC	43.091076	-75.278949
K	43.094621	-75.228436
K	43.085601	-75.279662
CC	43.08423	-75.265316
ST	43.08862	-75.258534
K	43.099048	-75.231471
SR	43.10414	-75.273459
K	43.103866	-75.243142
M	43.080581	-75.273962
SR	43.099116	-75.130696
R	43.086461	-75.259826
MF	43.093928	-75.200062
K	43.086455	-75.260933
M	43.081341	-75.272393
ST	43.083588	-75.277562
V	43.093183	-75.26075
CC	43.126634	-75.222607
K	43.088877	-75.222122
M	43.087799	-75.260325
ER	43.083422	-75.284149
WT	43.125646	-75.236513
CC	43.079755	-75.275656
SR	43.103555	-75.231882
ER	43.082066	-75.245197
K	43.098483	-75.237689
SR	43.0878	-75.258051
SR	43.113154	-75.215157
R	43.096433	-75.241868
V	43.097032	-75.237521
ST	43.10329	-75.235234
ST	43.083106	-75.224114
CC	43.094161	-75.241841
CC	43.094465	-75.286625
SR	43.07449	-75.266961
CC	43.086634	-75.257237
K	43.116891	-75.210714
K	43.124155	-75.225739
SR	43.087374	-75.23213
K	43.089235	-75.204572
CC	43.084611	-75.266067
ER	43.081917	-75.201933
CC	43.084366	-75.267292
G	43.088034	-75.247979
ST	43.103993	-75.247055
SR	43.099864	-75.23545
M	43.09533	-75.243201
V	43.10273	-75.22961
SR	43.095806	-75.223154
ST	43.128615	-75.22447
K	43.11423	-75.205548
SR	43.109644	-75.212708
K	43.087332	-75.258954
CC	43.112497	-75.214545
K	43.101753	-75.230079
K	43.099948	-75.230623
SR	43.098217	-75.236707
K	43.099394	-75.232806
M	43.103046	-75.245742
K	43.114259	-75.209032
SR	43.100464	-75.231706
K	43.088716	-75.186103
SR	43.110139	-75.252473
ST	43.128523	-75.227292
ST	43.123952	-75.225433
ST	43.091651	-75.222499
ST	43.11017	-75.255587
CC	43.084974	-75.26541
G	43.097582	-75.202451
U	43.080357	-75.206285
SR	43.082474	-75.204804
R	43.10349	-75.247247
SR	43.09372	-75.193448
R	43.09309	-75.28859
ST	43.092246	-75.211426
M	43.084259	-75.288699
R	43.101111	-75.226034
M	43.112402	-75.214559
SR	43.098942	-75.219268
ST	43.077363	-75.280245
R	43.093509	-75.22078
G	43.100509	-75.242531
K	43.088644	-75.223552
M	43.103154	-75.226125
SR	43.090224	-75.212177
SR	43.110177	-75.252494
M	43.102537	-75.221537
K	43.093467	-75.213809
G	43.116136	-75.207668
V	43.083922	-75.269902
ER	43.099984	-75.224813
SR	43.117459	-75.209438
ST	43.128559	-75.227305
K	43.104419	-75.230775
K	43.118179	-75.209035
K	43.099778	-75.233135
MF	43.086757	-75.249983
ST	43.114364	-75.206366
SR	43.116813	-75.210865
K	43.115754	-75.210003
NN	43.097209	-75.231159
ST	43.100793	-75.234633
SR	43.103441	-75.271794
M	43.089525	-75.221444
AS	43.110888	-75.219283
M	43.126013	-75.224563
SR	43.074411	-75.267479
SR	43.099701	-75.235316
ST	43.113076	-75.205817
ST	43.112982	-75.26395
ST	43.104584	-75.269583
M	43.08785	-75.260152
ER	43.09048	-75.260814
R	43.085902	-75.262087
K	43.085023	-75.235561
ST	43.098077	-75.217729
CC	43.093287	-75.241231
ST	43.095027	-75.237565
R	43.092436	-75.220623
MF	43.103231	-75.227897
K	43.106453	-75.246169
U	43.093078	-75.24767
K	43.10999	-75.219031
K	43.085103	-75.28204
SR	43.081029	-75.25438
SR	43.09873	-75.226693
